{"cameraMode":{"drawMode":0,"name":"Shaded","section":"Shading Mode"},"sceneLighting":false,"audioPlay":false,"sceneViewState":{"m_AlwaysRefresh":false,"showFog":false,"showSkybox":false,"showFlares":false,"showImageEffects":false,"showParticleSystems":false,"showVisualEffectGraphs":true,"m_FxEnabled":true},"in2DMode":false,"pivot":{"x":-0.1206192672252655,"y":1.8244221210479737,"z":-0.8227090835571289},"rotation":{"x":-0.0049163466319441799,"y":0.987008810043335,"z":-0.15766127407550813,"w":-0.030810164287686349},"size":4.923303127288818,"orthographic":false}