{"cameraMode":{"drawMode":0,"name":"Shaded","section":"Shading Mode"},"sceneLighting":false,"audioPlay":false,"sceneViewState":{"m_AlwaysRefresh":false,"showFog":true,"showSkybox":false,"showFlares":true,"showImageEffects":true,"showParticleSystems":true,"showVisualEffectGraphs":true,"m_FxEnabled":true},"in2DMode":false,"pivot":{"x":-0.00004649162292480469,"y":0.8914735317230225,"z":4.1032562255859379},"rotation":{"x":0.013095919042825699,"y":0.9781398773193359,"z":-0.19715648889541627,"w":0.06493991613388062},"size":2.390371799468994,"orthographic":false}