{"cameraMode":{"drawMode":0,"name":"Shaded","section":"Shading Mode"},"sceneLighting":false,"audioPlay":false,"sceneViewState":{"m_AlwaysRefresh":false,"showFog":true,"showSkybox":false,"showFlares":true,"showImageEffects":true,"showParticleSystems":true,"showVisualEffectGraphs":true,"m_FxEnabled":true},"in2DMode":false,"pivot":{"x":-0.4047100841999054,"y":0.7831745147705078,"z":4.111570358276367},"rotation":{"x":-0.0045639812014997009,"y":0.9810022115707398,"z":-0.19254454970359803,"w":-0.02325322851538658},"size":2.6646995544433595,"orthographic":false}