{"cameraMode":{"drawMode":0,"name":"Shaded","section":"Shading Mode"},"sceneLighting":false,"audioPlay":false,"sceneViewState":{"m_AlwaysRefresh":false,"showFog":true,"showSkybox":false,"showFlares":true,"showImageEffects":true,"showParticleSystems":true,"showVisualEffectGraphs":true,"m_FxEnabled":true},"in2DMode":false,"pivot":{"x":0.18688690662384034,"y":-0.764441728591919,"z":0.00040602684020996094},"rotation":{"x":-0.1765357404947281,"y":0.18972910940647126,"z":-0.03470302000641823,"w":-0.9652186632156372},"size":1.3263280391693116,"orthographic":false}