{"cameraMode":{"drawMode":0,"name":"Shaded","section":"Shading Mode"},"sceneLighting":false,"audioPlay":false,"sceneViewState":{"m_AlwaysRefresh":false,"showFog":true,"showSkybox":false,"showFlares":true,"showImageEffects":true,"showParticleSystems":true,"showVisualEffectGraphs":true,"m_FxEnabled":true},"in2DMode":false,"pivot":{"x":0.49662697315216067,"y":-0.6127966642379761,"z":-2.372653007507324},"rotation":{"x":0.030917802825570108,"y":0.9638235569000244,"z":-0.23127181828022004,"w":0.12884977459907533},"size":2.9047741889953615,"orthographic":false}