{"cameraMode":{"drawMode":0,"name":"Shaded","section":"Shading Mode"},"sceneLighting":false,"audioPlay":false,"sceneViewState":{"m_AlwaysRefresh":false,"showFog":true,"showSkybox":false,"showFlares":true,"showImageEffects":true,"showParticleSystems":true,"showVisualEffectGraphs":true,"m_FxEnabled":true},"in2DMode":false,"pivot":{"x":0.02021142840385437,"y":1.0278044939041138,"z":5.085113525390625},"rotation":{"x":-0.010592719539999962,"y":0.9856007099151611,"z":-0.06751951575279236,"w":-0.15471550822257996},"size":1.4123754501342774,"orthographic":false}